Comment,Designator,Footprint,LCSC Part #
0.75pF,C1,C_0603_1608Metric,C95182
1uF,C2,C_0603_1608Metric,C15849
100nF,"C3,C5,C8,C9",C_0603_1608Metric,C14663
4.7uF,C4,C_0603_1608Metric,C19666
22uF,"C6,C7",C_0805_2012Metric_Pad1.18x1.45mm_HandSolder,C45783
SMF5V0A,D2,D_SMF,C1972946
0.5A PPTC,F1,Fuse_1206_3216Metric,C163512
USB_C_Receptacle_USB2.0,J3,USB_C_Receptacle_HRO_TYPE-C-31-M-12,C165948
240k,R1,R_0603_1608Metric,C4197
100k,R2,R_0805_2012Metric_Pad1.20x1.40mm_HandSolder,C149504
150k,R3,R_0805_2012Metric_Pad1.20x1.40mm_HandSolder,C17470
6.8k,R4,R_0603_1608Metric,C23212
330k,R5,R_0603_1608Metric,C23137
5.1k,"R6,R7",R_0805_2012Metric_Pad1.20x1.40mm_HandSolder,C27834
1k,R8,R_0805_2012Metric_Pad1.20x1.40mm_HandSolder,C17513
OPA365AIDBVR,U1,SOT-23-5,C96626
STM32G030F6Px,U2,TSSOP-20_4.4x6.5mm_P0.65mm,C529330
CH340N,U3,SOP-8_3.9x4.9mm_P1.27mm,C2977777
AMS1117-3.3,U4,SOT-223-3_TabPin2,C6186
